"t","L1_cat","L2_cat","counts"
-1825,"EDPM","TCEM",1
-1824,"EDPM","TCEM",3
-1823,"EDPM","TCEM",1
-1822,"EDPM","TCEM",1
-1821,"EDPM","TCEM",0
-1820,"EDPM","TCEM",2
-1819,"EDPM","TCEM",3
-1818,"EDPM","TCEM",3
-1817,"EDPM","TCEM",1
-1816,"EDPM","TCEM",2
-1815,"EDPM","TCEM",0
-1814,"EDPM","TCEM",0
-1813,"EDPM","TCEM",0
-1812,"EDPM","TCEM",1
-1811,"EDPM","TCEM",0
-1810,"EDPM","TCEM",1
-1809,"EDPM","TCEM",0
-1808,"EDPM","TCEM",1
-1807,"EDPM","TCEM",2
-1806,"EDPM","TCEM",0
-1805,"EDPM","TCEM",1
-1804,"EDPM","TCEM",0
-1803,"EDPM","TCEM",1
-1802,"EDPM","TCEM",2
-1801,"EDPM","TCEM",1
-1800,"EDPM","TCEM",3
-1799,"EDPM","TCEM",0
-1798,"EDPM","TCEM",0
-1797,"EDPM","TCEM",2
-1796,"EDPM","TCEM",1
-1795,"EDPM","TCEM",3
-1794,"EDPM","TCEM",1
-1793,"EDPM","TCEM",0
-1792,"EDPM","TCEM",1
-1791,"EDPM","TCEM",1
-1790,"EDPM","TCEM",0
-1789,"EDPM","TCEM",0
-1788,"EDPM","TCEM",1
-1787,"EDPM","TCEM",1
-1786,"EDPM","TCEM",4
-1785,"EDPM","TCEM",0
-1784,"EDPM","TCEM",0
-1783,"EDPM","TCEM",0
-1782,"EDPM","TCEM",0
-1781,"EDPM","TCEM",1
-1780,"EDPM","TCEM",1
-1779,"EDPM","TCEM",2
-1778,"EDPM","TCEM",0
-1777,"EDPM","TCEM",1
-1776,"EDPM","TCEM",1
-1775,"EDPM","TCEM",0
-1774,"EDPM","TCEM",0
-1773,"EDPM","TCEM",2
-1772,"EDPM","TCEM",1
-1771,"EDPM","TCEM",1
-1770,"EDPM","TCEM",1
-1769,"EDPM","TCEM",3
-1768,"EDPM","TCEM",1
-1767,"EDPM","TCEM",2
-1766,"EDPM","TCEM",0
-1765,"EDPM","TCEM",2
-1764,"EDPM","TCEM",0
-1763,"EDPM","TCEM",0
-1762,"EDPM","TCEM",0
-1761,"EDPM","TCEM",0
-1760,"EDPM","TCEM",1
-1759,"EDPM","TCEM",2
-1758,"EDPM","TCEM",1
-1757,"EDPM","TCEM",1
-1756,"EDPM","TCEM",0
-1755,"EDPM","TCEM",2
-1754,"EDPM","TCEM",0
-1753,"EDPM","TCEM",0
-1752,"EDPM","TCEM",1
-1751,"EDPM","TCEM",1
-1750,"EDPM","TCEM",0
-1749,"EDPM","TCEM",1
-1748,"EDPM","TCEM",1
-1747,"EDPM","TCEM",1
-1746,"EDPM","TCEM",1
-1745,"EDPM","TCEM",1
-1744,"EDPM","TCEM",1
-1743,"EDPM","TCEM",3
-1742,"EDPM","TCEM",0
-1741,"EDPM","TCEM",0
-1740,"EDPM","TCEM",3
-1739,"EDPM","TCEM",2
-1738,"EDPM","TCEM",1
-1737,"EDPM","TCEM",0
-1736,"EDPM","TCEM",0
-1735,"EDPM","TCEM",2
-1734,"EDPM","TCEM",0
-1733,"EDPM","TCEM",1
-1732,"EDPM","TCEM",2
-1731,"EDPM","TCEM",1
-1730,"EDPM","TCEM",1
-1729,"EDPM","TCEM",1
-1728,"EDPM","TCEM",1
-1727,"EDPM","TCEM",2
-1726,"EDPM","TCEM",2
-1725,"EDPM","TCEM",1
-1724,"EDPM","TCEM",1
-1723,"EDPM","TCEM",0
-1722,"EDPM","TCEM",2
-1721,"EDPM","TCEM",1
-1720,"EDPM","TCEM",0
-1719,"EDPM","TCEM",1
-1718,"EDPM","TCEM",2
-1717,"EDPM","TCEM",1
-1716,"EDPM","TCEM",2
-1715,"EDPM","TCEM",1
-1714,"EDPM","TCEM",0
-1713,"EDPM","TCEM",1
-1712,"EDPM","TCEM",0
-1711,"EDPM","TCEM",2
-1710,"EDPM","TCEM",1
-1709,"EDPM","TCEM",1
-1708,"EDPM","TCEM",2
-1707,"EDPM","TCEM",0
-1706,"EDPM","TCEM",3
-1705,"EDPM","TCEM",2
-1704,"EDPM","TCEM",1
-1703,"EDPM","TCEM",0
-1702,"EDPM","TCEM",4
-1701,"EDPM","TCEM",1
-1700,"EDPM","TCEM",1
-1699,"EDPM","TCEM",1
-1698,"EDPM","TCEM",1
-1697,"EDPM","TCEM",1
-1696,"EDPM","TCEM",0
-1695,"EDPM","TCEM",1
-1694,"EDPM","TCEM",1
-1693,"EDPM","TCEM",3
-1692,"EDPM","TCEM",1
-1691,"EDPM","TCEM",3
-1690,"EDPM","TCEM",3
-1689,"EDPM","TCEM",4
-1688,"EDPM","TCEM",3
-1687,"EDPM","TCEM",0
-1686,"EDPM","TCEM",0
-1685,"EDPM","TCEM",0
-1684,"EDPM","TCEM",1
-1683,"EDPM","TCEM",2
-1682,"EDPM","TCEM",1
-1681,"EDPM","TCEM",1
-1680,"EDPM","TCEM",1
-1679,"EDPM","TCEM",1
-1678,"EDPM","TCEM",1
-1677,"EDPM","TCEM",1
-1676,"EDPM","TCEM",0
-1675,"EDPM","TCEM",1
-1674,"EDPM","TCEM",2
-1673,"EDPM","TCEM",1
-1672,"EDPM","TCEM",1
-1671,"EDPM","TCEM",0
-1670,"EDPM","TCEM",2
-1669,"EDPM","TCEM",3
-1668,"EDPM","TCEM",0
-1667,"EDPM","TCEM",2
-1666,"EDPM","TCEM",1
-1665,"EDPM","TCEM",1
-1664,"EDPM","TCEM",1
-1663,"EDPM","TCEM",2
-1662,"EDPM","TCEM",1
-1661,"EDPM","TCEM",0
-1660,"EDPM","TCEM",0
-1659,"EDPM","TCEM",0
-1658,"EDPM","TCEM",1
-1657,"EDPM","TCEM",1
-1656,"EDPM","TCEM",1
-1655,"EDPM","TCEM",0
-1654,"EDPM","TCEM",1
-1653,"EDPM","TCEM",1
-1652,"EDPM","TCEM",0
-1651,"EDPM","TCEM",2
-1650,"EDPM","TCEM",2
-1649,"EDPM","TCEM",1
-1648,"EDPM","TCEM",2
-1647,"EDPM","TCEM",3
-1646,"EDPM","TCEM",2
-1645,"EDPM","TCEM",0
-1644,"EDPM","TCEM",2
-1643,"EDPM","TCEM",1
-1642,"EDPM","TCEM",0
-1641,"EDPM","TCEM",1
-1640,"EDPM","TCEM",0
-1639,"EDPM","TCEM",2
-1638,"EDPM","TCEM",1
-1637,"EDPM","TCEM",3
-1636,"EDPM","TCEM",0
-1635,"EDPM","TCEM",2
-1634,"EDPM","TCEM",0
-1633,"EDPM","TCEM",0
-1632,"EDPM","TCEM",0
-1631,"EDPM","TCEM",1
-1630,"EDPM","TCEM",0
-1629,"EDPM","TCEM",1
-1628,"EDPM","TCEM",1
-1627,"EDPM","TCEM",0
-1626,"EDPM","TCEM",4
-1625,"EDPM","TCEM",1
-1624,"EDPM","TCEM",1
-1623,"EDPM","TCEM",1
-1622,"EDPM","TCEM",0
-1621,"EDPM","TCEM",1
-1620,"EDPM","TCEM",2
-1619,"EDPM","TCEM",2
-1618,"EDPM","TCEM",2
-1617,"EDPM","TCEM",0
-1616,"EDPM","TCEM",2
-1615,"EDPM","TCEM",1
-1614,"EDPM","TCEM",6
-1613,"EDPM","TCEM",1
-1612,"EDPM","TCEM",4
-1611,"EDPM","TCEM",2
-1610,"EDPM","TCEM",2
-1609,"EDPM","TCEM",1
-1608,"EDPM","TCEM",1
-1607,"EDPM","TCEM",1
-1606,"EDPM","TCEM",3
-1605,"EDPM","TCEM",1
-1604,"EDPM","TCEM",2
-1603,"EDPM","TCEM",0
-1602,"EDPM","TCEM",1
-1601,"EDPM","TCEM",0
-1600,"EDPM","TCEM",0
-1599,"EDPM","TCEM",2
-1598,"EDPM","TCEM",1
-1597,"EDPM","TCEM",0
-1596,"EDPM","TCEM",1
-1595,"EDPM","TCEM",0
-1594,"EDPM","TCEM",2
-1593,"EDPM","TCEM",2
-1592,"EDPM","TCEM",1
-1591,"EDPM","TCEM",3
-1590,"EDPM","TCEM",2
-1589,"EDPM","TCEM",3
-1588,"EDPM","TCEM",1
-1587,"EDPM","TCEM",0
-1586,"EDPM","TCEM",1
-1585,"EDPM","TCEM",2
-1584,"EDPM","TCEM",1
-1583,"EDPM","TCEM",0
-1582,"EDPM","TCEM",2
-1581,"EDPM","TCEM",0
-1580,"EDPM","TCEM",2
-1579,"EDPM","TCEM",1
-1578,"EDPM","TCEM",0
-1577,"EDPM","TCEM",1
-1576,"EDPM","TCEM",2
-1575,"EDPM","TCEM",1
-1574,"EDPM","TCEM",1
-1573,"EDPM","TCEM",1
-1572,"EDPM","TCEM",1
-1571,"EDPM","TCEM",2
-1570,"EDPM","TCEM",1
-1569,"EDPM","TCEM",0
-1568,"EDPM","TCEM",2
-1567,"EDPM","TCEM",0
-1566,"EDPM","TCEM",1
-1565,"EDPM","TCEM",5
-1564,"EDPM","TCEM",4
-1563,"EDPM","TCEM",0
-1562,"EDPM","TCEM",4
-1561,"EDPM","TCEM",1
-1560,"EDPM","TCEM",0
-1559,"EDPM","TCEM",2
-1558,"EDPM","TCEM",2
-1557,"EDPM","TCEM",0
-1556,"EDPM","TCEM",1
-1555,"EDPM","TCEM",1
-1554,"EDPM","TCEM",2
-1553,"EDPM","TCEM",5
-1552,"EDPM","TCEM",0
-1551,"EDPM","TCEM",0
-1550,"EDPM","TCEM",0
-1549,"EDPM","TCEM",1
-1548,"EDPM","TCEM",1
-1547,"EDPM","TCEM",1
-1546,"EDPM","TCEM",0
-1545,"EDPM","TCEM",1
-1544,"EDPM","TCEM",2
-1543,"EDPM","TCEM",3
-1542,"EDPM","TCEM",0
-1541,"EDPM","TCEM",1
-1540,"EDPM","TCEM",0
-1539,"EDPM","TCEM",0
-1538,"EDPM","TCEM",1
-1537,"EDPM","TCEM",4
-1536,"EDPM","TCEM",3
-1535,"EDPM","TCEM",1
-1534,"EDPM","TCEM",1
-1533,"EDPM","TCEM",0
-1532,"EDPM","TCEM",1
-1531,"EDPM","TCEM",0
-1530,"EDPM","TCEM",0
-1529,"EDPM","TCEM",2
-1528,"EDPM","TCEM",4
-1527,"EDPM","TCEM",2
-1526,"EDPM","TCEM",0
-1525,"EDPM","TCEM",1
-1524,"EDPM","TCEM",0
-1523,"EDPM","TCEM",1
-1522,"EDPM","TCEM",2
-1521,"EDPM","TCEM",1
-1520,"EDPM","TCEM",4
-1519,"EDPM","TCEM",1
-1518,"EDPM","TCEM",0
-1517,"EDPM","TCEM",1
-1516,"EDPM","TCEM",0
-1515,"EDPM","TCEM",1
-1514,"EDPM","TCEM",1
-1513,"EDPM","TCEM",1
-1512,"EDPM","TCEM",0
-1511,"EDPM","TCEM",1
-1510,"EDPM","TCEM",0
-1509,"EDPM","TCEM",1
-1508,"EDPM","TCEM",3
-1507,"EDPM","TCEM",1
-1506,"EDPM","TCEM",1
-1505,"EDPM","TCEM",0
-1504,"EDPM","TCEM",1
-1503,"EDPM","TCEM",4
-1502,"EDPM","TCEM",0
-1501,"EDPM","TCEM",1
-1500,"EDPM","TCEM",2
-1499,"EDPM","TCEM",2
-1498,"EDPM","TCEM",2
-1497,"EDPM","TCEM",3
-1496,"EDPM","TCEM",0
-1495,"EDPM","TCEM",2
-1494,"EDPM","TCEM",4
-1493,"EDPM","TCEM",4
-1492,"EDPM","TCEM",2
-1491,"EDPM","TCEM",1
-1490,"EDPM","TCEM",3
-1489,"EDPM","TCEM",3
-1488,"EDPM","TCEM",5
-1487,"EDPM","TCEM",0
-1486,"EDPM","TCEM",0
-1485,"EDPM","TCEM",2
-1484,"EDPM","TCEM",2
-1483,"EDPM","TCEM",3
-1482,"EDPM","TCEM",3
-1481,"EDPM","TCEM",1
-1480,"EDPM","TCEM",1
-1479,"EDPM","TCEM",0
-1478,"EDPM","TCEM",0
-1477,"EDPM","TCEM",0
-1476,"EDPM","TCEM",0
-1475,"EDPM","TCEM",4
-1474,"EDPM","TCEM",0
-1473,"EDPM","TCEM",4
-1472,"EDPM","TCEM",2
-1471,"EDPM","TCEM",2
-1470,"EDPM","TCEM",1
-1469,"EDPM","TCEM",1
-1468,"EDPM","TCEM",0
-1467,"EDPM","TCEM",1
-1466,"EDPM","TCEM",0
-1465,"EDPM","TCEM",2
-1464,"EDPM","TCEM",1
-1463,"EDPM","TCEM",1
-1462,"EDPM","TCEM",1
-1461,"EDPM","TCEM",1
-1460,"EDPM","TCEM",2
-1459,"EDPM","TCEM",1
-1458,"EDPM","TCEM",1
-1457,"EDPM","TCEM",3
-1456,"EDPM","TCEM",1
-1455,"EDPM","TCEM",1
-1454,"EDPM","TCEM",2
-1453,"EDPM","TCEM",2
-1452,"EDPM","TCEM",1
-1451,"EDPM","TCEM",5
-1450,"EDPM","TCEM",1
-1449,"EDPM","TCEM",0
-1448,"EDPM","TCEM",1
-1447,"EDPM","TCEM",1
-1446,"EDPM","TCEM",2
-1445,"EDPM","TCEM",0
-1444,"EDPM","TCEM",1
-1443,"EDPM","TCEM",1
-1442,"EDPM","TCEM",1
-1441,"EDPM","TCEM",2
-1440,"EDPM","TCEM",2
-1439,"EDPM","TCEM",2
-1438,"EDPM","TCEM",3
-1437,"EDPM","TCEM",1
-1436,"EDPM","TCEM",3
-1435,"EDPM","TCEM",2
-1434,"EDPM","TCEM",2
-1433,"EDPM","TCEM",4
-1432,"EDPM","TCEM",0
-1431,"EDPM","TCEM",0
-1430,"EDPM","TCEM",1
-1429,"EDPM","TCEM",1
-1428,"EDPM","TCEM",2
-1427,"EDPM","TCEM",0
-1426,"EDPM","TCEM",1
-1425,"EDPM","TCEM",1
-1424,"EDPM","TCEM",1
-1423,"EDPM","TCEM",1
-1422,"EDPM","TCEM",1
-1421,"EDPM","TCEM",0
-1420,"EDPM","TCEM",1
-1419,"EDPM","TCEM",1
-1418,"EDPM","TCEM",0
-1417,"EDPM","TCEM",0
-1416,"EDPM","TCEM",1
-1415,"EDPM","TCEM",2
-1414,"EDPM","TCEM",2
-1413,"EDPM","TCEM",0
-1412,"EDPM","TCEM",2
-1411,"EDPM","TCEM",0
-1410,"EDPM","TCEM",1
-1409,"EDPM","TCEM",1
-1408,"EDPM","TCEM",0
-1407,"EDPM","TCEM",2
-1406,"EDPM","TCEM",1
-1405,"EDPM","TCEM",3
-1404,"EDPM","TCEM",1
-1403,"EDPM","TCEM",1
-1402,"EDPM","TCEM",0
-1401,"EDPM","TCEM",0
-1400,"EDPM","TCEM",1
-1399,"EDPM","TCEM",1
-1398,"EDPM","TCEM",2
-1397,"EDPM","TCEM",1
-1396,"EDPM","TCEM",0
-1395,"EDPM","TCEM",4
-1394,"EDPM","TCEM",1
-1393,"EDPM","TCEM",3
-1392,"EDPM","TCEM",2
-1391,"EDPM","TCEM",1
-1390,"EDPM","TCEM",2
-1389,"EDPM","TCEM",0
-1388,"EDPM","TCEM",0
-1387,"EDPM","TCEM",1
-1386,"EDPM","TCEM",2
-1385,"EDPM","TCEM",2
-1384,"EDPM","TCEM",2
-1383,"EDPM","TCEM",1
-1382,"EDPM","TCEM",0
-1381,"EDPM","TCEM",1
-1380,"EDPM","TCEM",0
-1379,"EDPM","TCEM",1
-1378,"EDPM","TCEM",0
-1377,"EDPM","TCEM",0
-1376,"EDPM","TCEM",1
-1375,"EDPM","TCEM",1
-1374,"EDPM","TCEM",3
-1373,"EDPM","TCEM",2
-1372,"EDPM","TCEM",1
-1371,"EDPM","TCEM",0
-1370,"EDPM","TCEM",3
-1369,"EDPM","TCEM",2
-1368,"EDPM","TCEM",0
-1367,"EDPM","TCEM",0
-1366,"EDPM","TCEM",1
-1365,"EDPM","TCEM",1
-1364,"EDPM","TCEM",1
-1363,"EDPM","TCEM",1
-1362,"EDPM","TCEM",1
-1361,"EDPM","TCEM",3
-1360,"EDPM","TCEM",2
-1359,"EDPM","TCEM",1
-1358,"EDPM","TCEM",2
-1357,"EDPM","TCEM",4
-1356,"EDPM","TCEM",1
-1355,"EDPM","TCEM",1
-1354,"EDPM","TCEM",1
-1353,"EDPM","TCEM",0
-1352,"EDPM","TCEM",0
-1351,"EDPM","TCEM",2
-1350,"EDPM","TCEM",1
-1349,"EDPM","TCEM",4
-1348,"EDPM","TCEM",0
-1347,"EDPM","TCEM",2
-1346,"EDPM","TCEM",0
-1345,"EDPM","TCEM",1
-1344,"EDPM","TCEM",0
-1343,"EDPM","TCEM",1
-1342,"EDPM","TCEM",1
-1341,"EDPM","TCEM",2
-1340,"EDPM","TCEM",1
-1339,"EDPM","TCEM",6
-1338,"EDPM","TCEM",1
-1337,"EDPM","TCEM",1
-1336,"EDPM","TCEM",2
-1335,"EDPM","TCEM",1
-1334,"EDPM","TCEM",2
-1333,"EDPM","TCEM",0
-1332,"EDPM","TCEM",1
-1331,"EDPM","TCEM",2
-1330,"EDPM","TCEM",2
-1329,"EDPM","TCEM",3
-1328,"EDPM","TCEM",4
-1327,"EDPM","TCEM",1
-1326,"EDPM","TCEM",2
-1325,"EDPM","TCEM",0
-1324,"EDPM","TCEM",1
-1323,"EDPM","TCEM",0
-1322,"EDPM","TCEM",2
-1321,"EDPM","TCEM",0
-1320,"EDPM","TCEM",1
-1319,"EDPM","TCEM",2
-1318,"EDPM","TCEM",2
-1317,"EDPM","TCEM",3
-1316,"EDPM","TCEM",0
-1315,"EDPM","TCEM",1
-1314,"EDPM","TCEM",1
-1313,"EDPM","TCEM",1
-1312,"EDPM","TCEM",2
-1311,"EDPM","TCEM",1
-1310,"EDPM","TCEM",1
-1309,"EDPM","TCEM",1
-1308,"EDPM","TCEM",1
-1307,"EDPM","TCEM",1
-1306,"EDPM","TCEM",1
-1305,"EDPM","TCEM",0
-1304,"EDPM","TCEM",2
-1303,"EDPM","TCEM",5
-1302,"EDPM","TCEM",1
-1301,"EDPM","TCEM",1
-1300,"EDPM","TCEM",2
-1299,"EDPM","TCEM",2
-1298,"EDPM","TCEM",0
-1297,"EDPM","TCEM",1
-1296,"EDPM","TCEM",1
-1295,"EDPM","TCEM",2
-1294,"EDPM","TCEM",3
-1293,"EDPM","TCEM",1
-1292,"EDPM","TCEM",2
-1291,"EDPM","TCEM",3
-1290,"EDPM","TCEM",3
-1289,"EDPM","TCEM",2
-1288,"EDPM","TCEM",2
-1287,"EDPM","TCEM",0
-1286,"EDPM","TCEM",2
-1285,"EDPM","TCEM",2
-1284,"EDPM","TCEM",1
-1283,"EDPM","TCEM",2
-1282,"EDPM","TCEM",3
-1281,"EDPM","TCEM",3
-1280,"EDPM","TCEM",3
-1279,"EDPM","TCEM",0
-1278,"EDPM","TCEM",2
-1277,"EDPM","TCEM",3
-1276,"EDPM","TCEM",1
-1275,"EDPM","TCEM",0
-1274,"EDPM","TCEM",0
-1273,"EDPM","TCEM",1
-1272,"EDPM","TCEM",5
-1271,"EDPM","TCEM",3
-1270,"EDPM","TCEM",0
-1269,"EDPM","TCEM",1
-1268,"EDPM","TCEM",3
-1267,"EDPM","TCEM",2
-1266,"EDPM","TCEM",2
-1265,"EDPM","TCEM",4
-1264,"EDPM","TCEM",1
-1263,"EDPM","TCEM",2
-1262,"EDPM","TCEM",3
-1261,"EDPM","TCEM",3
-1260,"EDPM","TCEM",1
-1259,"EDPM","TCEM",0
-1258,"EDPM","TCEM",3
-1257,"EDPM","TCEM",1
-1256,"EDPM","TCEM",3
-1255,"EDPM","TCEM",1
-1254,"EDPM","TCEM",1
-1253,"EDPM","TCEM",3
-1252,"EDPM","TCEM",0
-1251,"EDPM","TCEM",8
-1250,"EDPM","TCEM",0
-1249,"EDPM","TCEM",1
-1248,"EDPM","TCEM",1
-1247,"EDPM","TCEM",1
-1246,"EDPM","TCEM",3
-1245,"EDPM","TCEM",1
-1244,"EDPM","TCEM",3
-1243,"EDPM","TCEM",4
-1242,"EDPM","TCEM",1
-1241,"EDPM","TCEM",1
-1240,"EDPM","TCEM",4
-1239,"EDPM","TCEM",2
-1238,"EDPM","TCEM",4
-1237,"EDPM","TCEM",0
-1236,"EDPM","TCEM",0
-1235,"EDPM","TCEM",2
-1234,"EDPM","TCEM",1
-1233,"EDPM","TCEM",1
-1232,"EDPM","TCEM",1
-1231,"EDPM","TCEM",2
-1230,"EDPM","TCEM",5
-1229,"EDPM","TCEM",1
-1228,"EDPM","TCEM",2
-1227,"EDPM","TCEM",1
-1226,"EDPM","TCEM",0
-1225,"EDPM","TCEM",4
-1224,"EDPM","TCEM",1
-1223,"EDPM","TCEM",3
-1222,"EDPM","TCEM",5
-1221,"EDPM","TCEM",2
-1220,"EDPM","TCEM",2
-1219,"EDPM","TCEM",2
-1218,"EDPM","TCEM",1
-1217,"EDPM","TCEM",0
-1216,"EDPM","TCEM",3
-1215,"EDPM","TCEM",3
-1214,"EDPM","TCEM",2
-1213,"EDPM","TCEM",3
-1212,"EDPM","TCEM",1
-1211,"EDPM","TCEM",1
-1210,"EDPM","TCEM",2
-1209,"EDPM","TCEM",3
-1208,"EDPM","TCEM",2
-1207,"EDPM","TCEM",2
-1206,"EDPM","TCEM",1
-1205,"EDPM","TCEM",4
-1204,"EDPM","TCEM",0
-1203,"EDPM","TCEM",1
-1202,"EDPM","TCEM",0
-1201,"EDPM","TCEM",4
-1200,"EDPM","TCEM",1
-1199,"EDPM","TCEM",1
-1198,"EDPM","TCEM",1
-1197,"EDPM","TCEM",1
-1196,"EDPM","TCEM",3
-1195,"EDPM","TCEM",4
-1194,"EDPM","TCEM",3
-1193,"EDPM","TCEM",1
-1192,"EDPM","TCEM",2
-1191,"EDPM","TCEM",2
-1190,"EDPM","TCEM",0
-1189,"EDPM","TCEM",4
-1188,"EDPM","TCEM",1
-1187,"EDPM","TCEM",3
-1186,"EDPM","TCEM",2
-1185,"EDPM","TCEM",1
-1184,"EDPM","TCEM",4
-1183,"EDPM","TCEM",1
-1182,"EDPM","TCEM",1
-1181,"EDPM","TCEM",3
-1180,"EDPM","TCEM",1
-1179,"EDPM","TCEM",3
-1178,"EDPM","TCEM",3
-1177,"EDPM","TCEM",1
-1176,"EDPM","TCEM",4
-1175,"EDPM","TCEM",2
-1174,"EDPM","TCEM",5
-1173,"EDPM","TCEM",1
-1172,"EDPM","TCEM",4
-1171,"EDPM","TCEM",3
-1170,"EDPM","TCEM",4
-1169,"EDPM","TCEM",3
-1168,"EDPM","TCEM",3
-1167,"EDPM","TCEM",1
-1166,"EDPM","TCEM",5
-1165,"EDPM","TCEM",1
-1164,"EDPM","TCEM",3
-1163,"EDPM","TCEM",2
-1162,"EDPM","TCEM",3
-1161,"EDPM","TCEM",3
-1160,"EDPM","TCEM",0
-1159,"EDPM","TCEM",2
-1158,"EDPM","TCEM",0
-1157,"EDPM","TCEM",3
-1156,"EDPM","TCEM",3
-1155,"EDPM","TCEM",2
-1154,"EDPM","TCEM",3
-1153,"EDPM","TCEM",3
-1152,"EDPM","TCEM",2
-1151,"EDPM","TCEM",5
-1150,"EDPM","TCEM",1
-1149,"EDPM","TCEM",1
-1148,"EDPM","TCEM",7
-1147,"EDPM","TCEM",1
-1146,"EDPM","TCEM",2
-1145,"EDPM","TCEM",1
-1144,"EDPM","TCEM",0
-1143,"EDPM","TCEM",2
-1142,"EDPM","TCEM",4
-1141,"EDPM","TCEM",1
-1140,"EDPM","TCEM",0
-1139,"EDPM","TCEM",3
-1138,"EDPM","TCEM",1
-1137,"EDPM","TCEM",4
-1136,"EDPM","TCEM",0
-1135,"EDPM","TCEM",2
-1134,"EDPM","TCEM",0
-1133,"EDPM","TCEM",2
-1132,"EDPM","TCEM",3
-1131,"EDPM","TCEM",2
-1130,"EDPM","TCEM",2
-1129,"EDPM","TCEM",1
-1128,"EDPM","TCEM",2
-1127,"EDPM","TCEM",4
-1126,"EDPM","TCEM",1
-1125,"EDPM","TCEM",4
-1124,"EDPM","TCEM",1
-1123,"EDPM","TCEM",2
-1122,"EDPM","TCEM",2
-1121,"EDPM","TCEM",2
-1120,"EDPM","TCEM",3
-1119,"EDPM","TCEM",2
-1118,"EDPM","TCEM",0
-1117,"EDPM","TCEM",0
-1116,"EDPM","TCEM",2
-1115,"EDPM","TCEM",3
-1114,"EDPM","TCEM",2
-1113,"EDPM","TCEM",2
-1112,"EDPM","TCEM",2
-1111,"EDPM","TCEM",2
-1110,"EDPM","TCEM",1
-1109,"EDPM","TCEM",3
-1108,"EDPM","TCEM",2
-1107,"EDPM","TCEM",0
-1106,"EDPM","TCEM",3
-1105,"EDPM","TCEM",3
-1104,"EDPM","TCEM",0
-1103,"EDPM","TCEM",2
-1102,"EDPM","TCEM",3
-1101,"EDPM","TCEM",1
-1100,"EDPM","TCEM",3
-1099,"EDPM","TCEM",3
-1098,"EDPM","TCEM",3
-1097,"EDPM","TCEM",2
-1096,"EDPM","TCEM",2
-1095,"EDPM","TCEM",3
-1094,"EDPM","TCEM",1
-1093,"EDPM","TCEM",2
-1092,"EDPM","TCEM",0
-1091,"EDPM","TCEM",2
-1090,"EDPM","TCEM",3
-1089,"EDPM","TCEM",2
-1088,"EDPM","TCEM",5
-1087,"EDPM","TCEM",1
-1086,"EDPM","TCEM",4
-1085,"EDPM","TCEM",2
-1084,"EDPM","TCEM",5
-1083,"EDPM","TCEM",3
-1082,"EDPM","TCEM",0
-1081,"EDPM","TCEM",6
-1080,"EDPM","TCEM",2
-1079,"EDPM","TCEM",1
-1078,"EDPM","TCEM",4
-1077,"EDPM","TCEM",4
-1076,"EDPM","TCEM",4
-1075,"EDPM","TCEM",2
-1074,"EDPM","TCEM",3
-1073,"EDPM","TCEM",2
-1072,"EDPM","TCEM",2
-1071,"EDPM","TCEM",3
-1070,"EDPM","TCEM",1
-1069,"EDPM","TCEM",3
-1068,"EDPM","TCEM",2
-1067,"EDPM","TCEM",2
-1066,"EDPM","TCEM",2
-1065,"EDPM","TCEM",0
-1064,"EDPM","TCEM",2
-1063,"EDPM","TCEM",1
-1062,"EDPM","TCEM",1
-1061,"EDPM","TCEM",0
-1060,"EDPM","TCEM",0
-1059,"EDPM","TCEM",3
-1058,"EDPM","TCEM",1
-1057,"EDPM","TCEM",4
-1056,"EDPM","TCEM",1
-1055,"EDPM","TCEM",3
-1054,"EDPM","TCEM",1
-1053,"EDPM","TCEM",4
-1052,"EDPM","TCEM",3
-1051,"EDPM","TCEM",0
-1050,"EDPM","TCEM",3
-1049,"EDPM","TCEM",1
-1048,"EDPM","TCEM",2
-1047,"EDPM","TCEM",5
-1046,"EDPM","TCEM",1
-1045,"EDPM","TCEM",5
-1044,"EDPM","TCEM",2
-1043,"EDPM","TCEM",2
-1042,"EDPM","TCEM",2
-1041,"EDPM","TCEM",2
-1040,"EDPM","TCEM",2
-1039,"EDPM","TCEM",1
-1038,"EDPM","TCEM",4
-1037,"EDPM","TCEM",1
-1036,"EDPM","TCEM",3
-1035,"EDPM","TCEM",2
-1034,"EDPM","TCEM",3
-1033,"EDPM","TCEM",3
-1032,"EDPM","TCEM",3
-1031,"EDPM","TCEM",2
-1030,"EDPM","TCEM",2
-1029,"EDPM","TCEM",5
-1028,"EDPM","TCEM",2
-1027,"EDPM","TCEM",2
-1026,"EDPM","TCEM",1
-1025,"EDPM","TCEM",1
-1024,"EDPM","TCEM",1
-1023,"EDPM","TCEM",2
-1022,"EDPM","TCEM",0
-1021,"EDPM","TCEM",2
-1020,"EDPM","TCEM",0
-1019,"EDPM","TCEM",2
-1018,"EDPM","TCEM",6
-1017,"EDPM","TCEM",1
-1016,"EDPM","TCEM",0
-1015,"EDPM","TCEM",2
-1014,"EDPM","TCEM",2
-1013,"EDPM","TCEM",5
-1012,"EDPM","TCEM",1
-1011,"EDPM","TCEM",0
-1010,"EDPM","TCEM",5
-1009,"EDPM","TCEM",1
-1008,"EDPM","TCEM",2
-1007,"EDPM","TCEM",3
-1006,"EDPM","TCEM",4
-1005,"EDPM","TCEM",0
-1004,"EDPM","TCEM",2
-1003,"EDPM","TCEM",4
-1002,"EDPM","TCEM",0
-1001,"EDPM","TCEM",4
-1000,"EDPM","TCEM",5
-999,"EDPM","TCEM",5
-998,"EDPM","TCEM",1
-997,"EDPM","TCEM",3
-996,"EDPM","TCEM",0
-995,"EDPM","TCEM",3
-994,"EDPM","TCEM",2
-993,"EDPM","TCEM",4
-992,"EDPM","TCEM",0
-991,"EDPM","TCEM",0
-990,"EDPM","TCEM",1
-989,"EDPM","TCEM",1
-988,"EDPM","TCEM",4
-987,"EDPM","TCEM",2
-986,"EDPM","TCEM",4
-985,"EDPM","TCEM",1
-984,"EDPM","TCEM",4
-983,"EDPM","TCEM",3
-982,"EDPM","TCEM",1
-981,"EDPM","TCEM",3
-980,"EDPM","TCEM",3
-979,"EDPM","TCEM",6
-978,"EDPM","TCEM",1
-977,"EDPM","TCEM",2
-976,"EDPM","TCEM",1
-975,"EDPM","TCEM",3
-974,"EDPM","TCEM",1
-973,"EDPM","TCEM",2
-972,"EDPM","TCEM",3
-971,"EDPM","TCEM",5
-970,"EDPM","TCEM",0
-969,"EDPM","TCEM",3
-968,"EDPM","TCEM",1
-967,"EDPM","TCEM",1
-966,"EDPM","TCEM",1
-965,"EDPM","TCEM",2
-964,"EDPM","TCEM",5
-963,"EDPM","TCEM",0
-962,"EDPM","TCEM",2
-961,"EDPM","TCEM",1
-960,"EDPM","TCEM",0
-959,"EDPM","TCEM",5
-958,"EDPM","TCEM",4
-957,"EDPM","TCEM",2
-956,"EDPM","TCEM",1
-955,"EDPM","TCEM",0
-954,"EDPM","TCEM",1
-953,"EDPM","TCEM",1
-952,"EDPM","TCEM",2
-951,"EDPM","TCEM",3
-950,"EDPM","TCEM",1
-949,"EDPM","TCEM",2
-948,"EDPM","TCEM",2
-947,"EDPM","TCEM",0
-946,"EDPM","TCEM",1
-945,"EDPM","TCEM",3
-944,"EDPM","TCEM",3
-943,"EDPM","TCEM",4
-942,"EDPM","TCEM",2
-941,"EDPM","TCEM",4
-940,"EDPM","TCEM",4
-939,"EDPM","TCEM",1
-938,"EDPM","TCEM",7
-937,"EDPM","TCEM",1
-936,"EDPM","TCEM",2
-935,"EDPM","TCEM",1
-934,"EDPM","TCEM",1
-933,"EDPM","TCEM",2
-932,"EDPM","TCEM",4
-931,"EDPM","TCEM",4
-930,"EDPM","TCEM",3
-929,"EDPM","TCEM",5
-928,"EDPM","TCEM",4
-927,"EDPM","TCEM",1
-926,"EDPM","TCEM",3
-925,"EDPM","TCEM",0
-924,"EDPM","TCEM",2
-923,"EDPM","TCEM",2
-922,"EDPM","TCEM",0
-921,"EDPM","TCEM",2
-920,"EDPM","TCEM",0
-919,"EDPM","TCEM",2
-918,"EDPM","TCEM",2
-917,"EDPM","TCEM",3
-916,"EDPM","TCEM",2
-915,"EDPM","TCEM",4
-914,"EDPM","TCEM",4
-913,"EDPM","TCEM",5
-912,"EDPM","TCEM",2
-911,"EDPM","TCEM",0
-910,"EDPM","TCEM",5
-909,"EDPM","TCEM",1
-908,"EDPM","TCEM",2
-907,"EDPM","TCEM",4
-906,"EDPM","TCEM",3
-905,"EDPM","TCEM",2
-904,"EDPM","TCEM",1
-903,"EDPM","TCEM",1
-902,"EDPM","TCEM",2
-901,"EDPM","TCEM",4
-900,"EDPM","TCEM",2
-899,"EDPM","TCEM",1
-898,"EDPM","TCEM",2
-897,"EDPM","TCEM",1
-896,"EDPM","TCEM",2
-895,"EDPM","TCEM",4
-894,"EDPM","TCEM",3
-893,"EDPM","TCEM",3
-892,"EDPM","TCEM",2
-891,"EDPM","TCEM",2
-890,"EDPM","TCEM",1
-889,"EDPM","TCEM",2
-888,"EDPM","TCEM",3
-887,"EDPM","TCEM",8
-886,"EDPM","TCEM",1
-885,"EDPM","TCEM",3
-884,"EDPM","TCEM",3
-883,"EDPM","TCEM",2
-882,"EDPM","TCEM",10
-881,"EDPM","TCEM",4
-880,"EDPM","TCEM",2
-879,"EDPM","TCEM",2
-878,"EDPM","TCEM",1
-877,"EDPM","TCEM",4
-876,"EDPM","TCEM",4
-875,"EDPM","TCEM",2
-874,"EDPM","TCEM",1
-873,"EDPM","TCEM",1
-872,"EDPM","TCEM",3
-871,"EDPM","TCEM",3
-870,"EDPM","TCEM",0
-869,"EDPM","TCEM",2
-868,"EDPM","TCEM",4
-867,"EDPM","TCEM",2
-866,"EDPM","TCEM",0
-865,"EDPM","TCEM",2
-864,"EDPM","TCEM",1
-863,"EDPM","TCEM",3
-862,"EDPM","TCEM",4
-861,"EDPM","TCEM",5
-860,"EDPM","TCEM",6
-859,"EDPM","TCEM",2
-858,"EDPM","TCEM",4
-857,"EDPM","TCEM",2
-856,"EDPM","TCEM",2
-855,"EDPM","TCEM",4
-854,"EDPM","TCEM",1
-853,"EDPM","TCEM",0
-852,"EDPM","TCEM",2
-851,"EDPM","TCEM",3
-850,"EDPM","TCEM",3
-849,"EDPM","TCEM",2
-848,"EDPM","TCEM",1
-847,"EDPM","TCEM",5
-846,"EDPM","TCEM",4
-845,"EDPM","TCEM",4
-844,"EDPM","TCEM",4
-843,"EDPM","TCEM",0
-842,"EDPM","TCEM",3
-841,"EDPM","TCEM",1
-840,"EDPM","TCEM",3
-839,"EDPM","TCEM",3
-838,"EDPM","TCEM",4
-837,"EDPM","TCEM",5
-836,"EDPM","TCEM",3
-835,"EDPM","TCEM",2
-834,"EDPM","TCEM",0
-833,"EDPM","TCEM",8
-832,"EDPM","TCEM",2
-831,"EDPM","TCEM",1
-830,"EDPM","TCEM",2
-829,"EDPM","TCEM",1
-828,"EDPM","TCEM",4
-827,"EDPM","TCEM",3
-826,"EDPM","TCEM",1
-825,"EDPM","TCEM",0
-824,"EDPM","TCEM",0
-823,"EDPM","TCEM",1
-822,"EDPM","TCEM",4
-821,"EDPM","TCEM",2
-820,"EDPM","TCEM",2
-819,"EDPM","TCEM",4
-818,"EDPM","TCEM",1
-817,"EDPM","TCEM",1
-816,"EDPM","TCEM",3
-815,"EDPM","TCEM",2
-814,"EDPM","TCEM",1
-813,"EDPM","TCEM",1
-812,"EDPM","TCEM",1
-811,"EDPM","TCEM",3
-810,"EDPM","TCEM",2
-809,"EDPM","TCEM",1
-808,"EDPM","TCEM",3
-807,"EDPM","TCEM",3
-806,"EDPM","TCEM",4
-805,"EDPM","TCEM",0
-804,"EDPM","TCEM",3
-803,"EDPM","TCEM",0
-802,"EDPM","TCEM",2
-801,"EDPM","TCEM",1
-800,"EDPM","TCEM",3
-799,"EDPM","TCEM",4
-798,"EDPM","TCEM",6
-797,"EDPM","TCEM",4
-796,"EDPM","TCEM",3
-795,"EDPM","TCEM",3
-794,"EDPM","TCEM",3
-793,"EDPM","TCEM",3
-792,"EDPM","TCEM",1
-791,"EDPM","TCEM",4
-790,"EDPM","TCEM",2
-789,"EDPM","TCEM",0
-788,"EDPM","TCEM",2
-787,"EDPM","TCEM",1
-786,"EDPM","TCEM",4
-785,"EDPM","TCEM",2
-784,"EDPM","TCEM",1
-783,"EDPM","TCEM",1
-782,"EDPM","TCEM",6
-781,"EDPM","TCEM",2
-780,"EDPM","TCEM",5
-779,"EDPM","TCEM",1
-778,"EDPM","TCEM",1
-777,"EDPM","TCEM",3
-776,"EDPM","TCEM",3
-775,"EDPM","TCEM",4
-774,"EDPM","TCEM",3
-773,"EDPM","TCEM",2
-772,"EDPM","TCEM",1
-771,"EDPM","TCEM",1
-770,"EDPM","TCEM",3
-769,"EDPM","TCEM",1
-768,"EDPM","TCEM",4
-767,"EDPM","TCEM",1
-766,"EDPM","TCEM",4
-765,"EDPM","TCEM",5
-764,"EDPM","TCEM",2
-763,"EDPM","TCEM",3
-762,"EDPM","TCEM",1
-761,"EDPM","TCEM",1
-760,"EDPM","TCEM",0
-759,"EDPM","TCEM",2
-758,"EDPM","TCEM",3
-757,"EDPM","TCEM",2
-756,"EDPM","TCEM",3
-755,"EDPM","TCEM",2
-754,"EDPM","TCEM",2
-753,"EDPM","TCEM",3
-752,"EDPM","TCEM",1
-751,"EDPM","TCEM",0
-750,"EDPM","TCEM",3
-749,"EDPM","TCEM",4
-748,"EDPM","TCEM",2
-747,"EDPM","TCEM",2
-746,"EDPM","TCEM",3
-745,"EDPM","TCEM",0
-744,"EDPM","TCEM",6
-743,"EDPM","TCEM",3
-742,"EDPM","TCEM",4
-741,"EDPM","TCEM",3
-740,"EDPM","TCEM",2
-739,"EDPM","TCEM",1
-738,"EDPM","TCEM",5
-737,"EDPM","TCEM",4
-736,"EDPM","TCEM",0
-735,"EDPM","TCEM",2
-734,"EDPM","TCEM",3
-733,"EDPM","TCEM",3
-732,"EDPM","TCEM",4
-731,"EDPM","TCEM",1
-730,"EDPM","TCEM",4
-729,"EDPM","TCEM",1
-728,"EDPM","TCEM",3
-727,"EDPM","TCEM",0
-726,"EDPM","TCEM",3
-725,"EDPM","TCEM",1
-724,"EDPM","TCEM",1
-723,"EDPM","TCEM",1
-722,"EDPM","TCEM",0
-721,"EDPM","TCEM",2
-720,"EDPM","TCEM",4
-719,"EDPM","TCEM",1
-718,"EDPM","TCEM",2
-717,"EDPM","TCEM",3
-716,"EDPM","TCEM",2
-715,"EDPM","TCEM",0
-714,"EDPM","TCEM",2
-713,"EDPM","TCEM",0
-712,"EDPM","TCEM",5
-711,"EDPM","TCEM",6
-710,"EDPM","TCEM",2
-709,"EDPM","TCEM",1
-708,"EDPM","TCEM",3
-707,"EDPM","TCEM",1
-706,"EDPM","TCEM",3
-705,"EDPM","TCEM",2
-704,"EDPM","TCEM",3
-703,"EDPM","TCEM",2
-702,"EDPM","TCEM",1
-701,"EDPM","TCEM",4
-700,"EDPM","TCEM",3
-699,"EDPM","TCEM",3
-698,"EDPM","TCEM",0
-697,"EDPM","TCEM",5
-696,"EDPM","TCEM",2
-695,"EDPM","TCEM",2
-694,"EDPM","TCEM",2
-693,"EDPM","TCEM",2
-692,"EDPM","TCEM",7
-691,"EDPM","TCEM",3
-690,"EDPM","TCEM",3
-689,"EDPM","TCEM",2
-688,"EDPM","TCEM",3
-687,"EDPM","TCEM",6
-686,"EDPM","TCEM",3
-685,"EDPM","TCEM",5
-684,"EDPM","TCEM",2
-683,"EDPM","TCEM",0
-682,"EDPM","TCEM",2
-681,"EDPM","TCEM",4
-680,"EDPM","TCEM",2
-679,"EDPM","TCEM",2
-678,"EDPM","TCEM",1
-677,"EDPM","TCEM",2
-676,"EDPM","TCEM",0
-675,"EDPM","TCEM",3
-674,"EDPM","TCEM",2
-673,"EDPM","TCEM",4
-672,"EDPM","TCEM",1
-671,"EDPM","TCEM",2
-670,"EDPM","TCEM",3
-669,"EDPM","TCEM",2
-668,"EDPM","TCEM",2
-667,"EDPM","TCEM",3
-666,"EDPM","TCEM",3
-665,"EDPM","TCEM",1
-664,"EDPM","TCEM",2
-663,"EDPM","TCEM",2
-662,"EDPM","TCEM",1
-661,"EDPM","TCEM",2
-660,"EDPM","TCEM",4
-659,"EDPM","TCEM",2
-658,"EDPM","TCEM",6
-657,"EDPM","TCEM",1
-656,"EDPM","TCEM",1
-655,"EDPM","TCEM",2
-654,"EDPM","TCEM",2
-653,"EDPM","TCEM",3
-652,"EDPM","TCEM",2
-651,"EDPM","TCEM",3
-650,"EDPM","TCEM",3
-649,"EDPM","TCEM",2
-648,"EDPM","TCEM",1
-647,"EDPM","TCEM",2
-646,"EDPM","TCEM",2
-645,"EDPM","TCEM",3
-644,"EDPM","TCEM",4
-643,"EDPM","TCEM",6
-642,"EDPM","TCEM",3
-641,"EDPM","TCEM",2
-640,"EDPM","TCEM",0
-639,"EDPM","TCEM",3
-638,"EDPM","TCEM",2
-637,"EDPM","TCEM",3
-636,"EDPM","TCEM",3
-635,"EDPM","TCEM",3
-634,"EDPM","TCEM",3
-633,"EDPM","TCEM",1
-632,"EDPM","TCEM",3
-631,"EDPM","TCEM",2
-630,"EDPM","TCEM",2
-629,"EDPM","TCEM",4
-628,"EDPM","TCEM",3
-627,"EDPM","TCEM",0
-626,"EDPM","TCEM",4
-625,"EDPM","TCEM",0
-624,"EDPM","TCEM",1
-623,"EDPM","TCEM",2
-622,"EDPM","TCEM",2
-621,"EDPM","TCEM",1
-620,"EDPM","TCEM",2
-619,"EDPM","TCEM",1
-618,"EDPM","TCEM",1
-617,"EDPM","TCEM",1
-616,"EDPM","TCEM",6
-615,"EDPM","TCEM",1
-614,"EDPM","TCEM",2
-613,"EDPM","TCEM",2
-612,"EDPM","TCEM",1
-611,"EDPM","TCEM",1
-610,"EDPM","TCEM",3
-609,"EDPM","TCEM",4
-608,"EDPM","TCEM",6
-607,"EDPM","TCEM",1
-606,"EDPM","TCEM",5
-605,"EDPM","TCEM",5
-604,"EDPM","TCEM",5
-603,"EDPM","TCEM",2
-602,"EDPM","TCEM",3
-601,"EDPM","TCEM",3
-600,"EDPM","TCEM",2
-599,"EDPM","TCEM",1
-598,"EDPM","TCEM",2
-597,"EDPM","TCEM",0
-596,"EDPM","TCEM",5
-595,"EDPM","TCEM",2
-594,"EDPM","TCEM",4
-593,"EDPM","TCEM",3
-592,"EDPM","TCEM",3
-591,"EDPM","TCEM",3
-590,"EDPM","TCEM",1
-589,"EDPM","TCEM",3
-588,"EDPM","TCEM",2
-587,"EDPM","TCEM",2
-586,"EDPM","TCEM",3
-585,"EDPM","TCEM",3
-584,"EDPM","TCEM",3
-583,"EDPM","TCEM",2
-582,"EDPM","TCEM",0
-581,"EDPM","TCEM",3
-580,"EDPM","TCEM",5
-579,"EDPM","TCEM",3
-578,"EDPM","TCEM",3
-577,"EDPM","TCEM",5
-576,"EDPM","TCEM",2
-575,"EDPM","TCEM",1
-574,"EDPM","TCEM",6
-573,"EDPM","TCEM",0
-572,"EDPM","TCEM",3
-571,"EDPM","TCEM",0
-570,"EDPM","TCEM",0
-569,"EDPM","TCEM",0
-568,"EDPM","TCEM",2
-567,"EDPM","TCEM",2
-566,"EDPM","TCEM",2
-565,"EDPM","TCEM",3
-564,"EDPM","TCEM",2
-563,"EDPM","TCEM",5
-562,"EDPM","TCEM",1
-561,"EDPM","TCEM",3
-560,"EDPM","TCEM",5
-559,"EDPM","TCEM",3
-558,"EDPM","TCEM",3
-557,"EDPM","TCEM",0
-556,"EDPM","TCEM",0
-555,"EDPM","TCEM",3
-554,"EDPM","TCEM",1
-553,"EDPM","TCEM",3
-552,"EDPM","TCEM",1
-551,"EDPM","TCEM",3
-550,"EDPM","TCEM",7
-549,"EDPM","TCEM",2
-548,"EDPM","TCEM",2
-547,"EDPM","TCEM",0
-546,"EDPM","TCEM",0
-545,"EDPM","TCEM",4
-544,"EDPM","TCEM",2
-543,"EDPM","TCEM",0
-542,"EDPM","TCEM",0
-541,"EDPM","TCEM",3
-540,"EDPM","TCEM",3
-539,"EDPM","TCEM",3
-538,"EDPM","TCEM",3
-537,"EDPM","TCEM",0
-536,"EDPM","TCEM",2
-535,"EDPM","TCEM",4
-534,"EDPM","TCEM",3
-533,"EDPM","TCEM",3
-532,"EDPM","TCEM",3
-531,"EDPM","TCEM",3
-530,"EDPM","TCEM",4
-529,"EDPM","TCEM",6
-528,"EDPM","TCEM",2
-527,"EDPM","TCEM",1
-526,"EDPM","TCEM",0
-525,"EDPM","TCEM",1
-524,"EDPM","TCEM",4
-523,"EDPM","TCEM",6
-522,"EDPM","TCEM",1
-521,"EDPM","TCEM",3
-520,"EDPM","TCEM",3
-519,"EDPM","TCEM",2
-518,"EDPM","TCEM",1
-517,"EDPM","TCEM",5
-516,"EDPM","TCEM",1
-515,"EDPM","TCEM",0
-514,"EDPM","TCEM",4
-513,"EDPM","TCEM",2
-512,"EDPM","TCEM",3
-511,"EDPM","TCEM",4
-510,"EDPM","TCEM",5
-509,"EDPM","TCEM",1
-508,"EDPM","TCEM",2
-507,"EDPM","TCEM",8
-506,"EDPM","TCEM",3
-505,"EDPM","TCEM",1
-504,"EDPM","TCEM",4
-503,"EDPM","TCEM",2
-502,"EDPM","TCEM",1
-501,"EDPM","TCEM",1
-500,"EDPM","TCEM",2
-499,"EDPM","TCEM",7
-498,"EDPM","TCEM",6
-497,"EDPM","TCEM",4
-496,"EDPM","TCEM",2
-495,"EDPM","TCEM",0
-494,"EDPM","TCEM",1
-493,"EDPM","TCEM",4
-492,"EDPM","TCEM",4
-491,"EDPM","TCEM",4
-490,"EDPM","TCEM",2
-489,"EDPM","TCEM",3
-488,"EDPM","TCEM",4
-487,"EDPM","TCEM",2
-486,"EDPM","TCEM",5
-485,"EDPM","TCEM",3
-484,"EDPM","TCEM",6
-483,"EDPM","TCEM",3
-482,"EDPM","TCEM",4
-481,"EDPM","TCEM",1
-480,"EDPM","TCEM",0
-479,"EDPM","TCEM",3
-478,"EDPM","TCEM",1
-477,"EDPM","TCEM",4
-476,"EDPM","TCEM",2
-475,"EDPM","TCEM",4
-474,"EDPM","TCEM",1
-473,"EDPM","TCEM",1
-472,"EDPM","TCEM",4
-471,"EDPM","TCEM",1
-470,"EDPM","TCEM",2
-469,"EDPM","TCEM",3
-468,"EDPM","TCEM",2
-467,"EDPM","TCEM",1
-466,"EDPM","TCEM",4
-465,"EDPM","TCEM",3
-464,"EDPM","TCEM",0
-463,"EDPM","TCEM",1
-462,"EDPM","TCEM",4
-461,"EDPM","TCEM",2
-460,"EDPM","TCEM",1
-459,"EDPM","TCEM",3
-458,"EDPM","TCEM",5
-457,"EDPM","TCEM",2
-456,"EDPM","TCEM",6
-455,"EDPM","TCEM",6
-454,"EDPM","TCEM",3
-453,"EDPM","TCEM",3
-452,"EDPM","TCEM",3
-451,"EDPM","TCEM",3
-450,"EDPM","TCEM",3
-449,"EDPM","TCEM",3
-448,"EDPM","TCEM",2
-447,"EDPM","TCEM",1
-446,"EDPM","TCEM",2
-445,"EDPM","TCEM",3
-444,"EDPM","TCEM",0
-443,"EDPM","TCEM",6
-442,"EDPM","TCEM",5
-441,"EDPM","TCEM",3
-440,"EDPM","TCEM",2
-439,"EDPM","TCEM",3
-438,"EDPM","TCEM",3
-437,"EDPM","TCEM",4
-436,"EDPM","TCEM",0
-435,"EDPM","TCEM",2
-434,"EDPM","TCEM",3
-433,"EDPM","TCEM",5
-432,"EDPM","TCEM",5
-431,"EDPM","TCEM",7
-430,"EDPM","TCEM",2
-429,"EDPM","TCEM",5
-428,"EDPM","TCEM",1
-427,"EDPM","TCEM",6
-426,"EDPM","TCEM",3
-425,"EDPM","TCEM",1
-424,"EDPM","TCEM",3
-423,"EDPM","TCEM",3
-422,"EDPM","TCEM",4
-421,"EDPM","TCEM",1
-420,"EDPM","TCEM",4
-419,"EDPM","TCEM",4
-418,"EDPM","TCEM",5
-417,"EDPM","TCEM",2
-416,"EDPM","TCEM",1
-415,"EDPM","TCEM",9
-414,"EDPM","TCEM",2
-413,"EDPM","TCEM",1
-412,"EDPM","TCEM",2
-411,"EDPM","TCEM",4
-410,"EDPM","TCEM",6
-409,"EDPM","TCEM",1
-408,"EDPM","TCEM",5
-407,"EDPM","TCEM",1
-406,"EDPM","TCEM",3
-405,"EDPM","TCEM",5
-404,"EDPM","TCEM",2
-403,"EDPM","TCEM",4
-402,"EDPM","TCEM",1
-401,"EDPM","TCEM",4
-400,"EDPM","TCEM",1
-399,"EDPM","TCEM",2
-398,"EDPM","TCEM",2
-397,"EDPM","TCEM",3
-396,"EDPM","TCEM",3
-395,"EDPM","TCEM",2
-394,"EDPM","TCEM",0
-393,"EDPM","TCEM",2
-392,"EDPM","TCEM",4
-391,"EDPM","TCEM",6
-390,"EDPM","TCEM",5
-389,"EDPM","TCEM",3
-388,"EDPM","TCEM",4
-387,"EDPM","TCEM",7
-386,"EDPM","TCEM",2
-385,"EDPM","TCEM",4
-384,"EDPM","TCEM",1
-383,"EDPM","TCEM",3
-382,"EDPM","TCEM",4
-381,"EDPM","TCEM",6
-380,"EDPM","TCEM",4
-379,"EDPM","TCEM",4
-378,"EDPM","TCEM",1
-377,"EDPM","TCEM",5
-376,"EDPM","TCEM",1
-375,"EDPM","TCEM",4
-374,"EDPM","TCEM",0
-373,"EDPM","TCEM",4
-372,"EDPM","TCEM",1
-371,"EDPM","TCEM",2
-370,"EDPM","TCEM",1
-369,"EDPM","TCEM",3
-368,"EDPM","TCEM",3
-367,"EDPM","TCEM",2
-366,"EDPM","TCEM",3
-365,"EDPM","TCEM",2
-364,"EDPM","TCEM",1
-363,"EDPM","TCEM",3
-362,"EDPM","TCEM",1
-361,"EDPM","TCEM",2
-360,"EDPM","TCEM",5
-359,"EDPM","TCEM",1
-358,"EDPM","TCEM",3
-357,"EDPM","TCEM",4
-356,"EDPM","TCEM",3
-355,"EDPM","TCEM",5
-354,"EDPM","TCEM",3
-353,"EDPM","TCEM",2
-352,"EDPM","TCEM",1
-351,"EDPM","TCEM",4
-350,"EDPM","TCEM",4
-349,"EDPM","TCEM",1
-348,"EDPM","TCEM",3
-347,"EDPM","TCEM",6
-346,"EDPM","TCEM",3
-345,"EDPM","TCEM",2
-344,"EDPM","TCEM",3
-343,"EDPM","TCEM",2
-342,"EDPM","TCEM",4
-341,"EDPM","TCEM",3
-340,"EDPM","TCEM",1
-339,"EDPM","TCEM",6
-338,"EDPM","TCEM",2
-337,"EDPM","TCEM",3
-336,"EDPM","TCEM",1
-335,"EDPM","TCEM",2
-334,"EDPM","TCEM",2
-333,"EDPM","TCEM",3
-332,"EDPM","TCEM",8
-331,"EDPM","TCEM",9
-330,"EDPM","TCEM",4
-329,"EDPM","TCEM",3
-328,"EDPM","TCEM",5
-327,"EDPM","TCEM",1
-326,"EDPM","TCEM",3
-325,"EDPM","TCEM",3
-324,"EDPM","TCEM",5
-323,"EDPM","TCEM",6
-322,"EDPM","TCEM",7
-321,"EDPM","TCEM",2
-320,"EDPM","TCEM",4
-319,"EDPM","TCEM",0
-318,"EDPM","TCEM",7
-317,"EDPM","TCEM",3
-316,"EDPM","TCEM",4
-315,"EDPM","TCEM",3
-314,"EDPM","TCEM",3
-313,"EDPM","TCEM",2
-312,"EDPM","TCEM",5
-311,"EDPM","TCEM",2
-310,"EDPM","TCEM",3
-309,"EDPM","TCEM",4
-308,"EDPM","TCEM",1
-307,"EDPM","TCEM",3
-306,"EDPM","TCEM",5
-305,"EDPM","TCEM",1
-304,"EDPM","TCEM",4
-303,"EDPM","TCEM",6
-302,"EDPM","TCEM",2
-301,"EDPM","TCEM",4
-300,"EDPM","TCEM",5
-299,"EDPM","TCEM",2
-298,"EDPM","TCEM",3
-297,"EDPM","TCEM",3
-296,"EDPM","TCEM",3
-295,"EDPM","TCEM",2
-294,"EDPM","TCEM",1
-293,"EDPM","TCEM",4
-292,"EDPM","TCEM",2
-291,"EDPM","TCEM",2
-290,"EDPM","TCEM",1
-289,"EDPM","TCEM",2
-288,"EDPM","TCEM",5
-287,"EDPM","TCEM",2
-286,"EDPM","TCEM",6
-285,"EDPM","TCEM",4
-284,"EDPM","TCEM",2
-283,"EDPM","TCEM",3
-282,"EDPM","TCEM",4
-281,"EDPM","TCEM",5
-280,"EDPM","TCEM",5
-279,"EDPM","TCEM",1
-278,"EDPM","TCEM",2
-277,"EDPM","TCEM",6
-276,"EDPM","TCEM",3
-275,"EDPM","TCEM",0
-274,"EDPM","TCEM",3
-273,"EDPM","TCEM",3
-272,"EDPM","TCEM",3
-271,"EDPM","TCEM",5
-270,"EDPM","TCEM",4
-269,"EDPM","TCEM",4
-268,"EDPM","TCEM",5
-267,"EDPM","TCEM",2
-266,"EDPM","TCEM",1
-265,"EDPM","TCEM",7
-264,"EDPM","TCEM",3
-263,"EDPM","TCEM",3
-262,"EDPM","TCEM",5
-261,"EDPM","TCEM",4
-260,"EDPM","TCEM",2
-259,"EDPM","TCEM",2
-258,"EDPM","TCEM",2
-257,"EDPM","TCEM",5
-256,"EDPM","TCEM",1
-255,"EDPM","TCEM",3
-254,"EDPM","TCEM",3
-253,"EDPM","TCEM",4
-252,"EDPM","TCEM",0
-251,"EDPM","TCEM",1
-250,"EDPM","TCEM",0
-249,"EDPM","TCEM",7
-248,"EDPM","TCEM",1
-247,"EDPM","TCEM",3
-246,"EDPM","TCEM",1
-245,"EDPM","TCEM",4
-244,"EDPM","TCEM",3
-243,"EDPM","TCEM",4
-242,"EDPM","TCEM",4
-241,"EDPM","TCEM",5
-240,"EDPM","TCEM",5
-239,"EDPM","TCEM",3
-238,"EDPM","TCEM",3
-237,"EDPM","TCEM",5
-236,"EDPM","TCEM",8
-235,"EDPM","TCEM",4
-234,"EDPM","TCEM",1
-233,"EDPM","TCEM",3
-232,"EDPM","TCEM",2
-231,"EDPM","TCEM",2
-230,"EDPM","TCEM",3
-229,"EDPM","TCEM",3
-228,"EDPM","TCEM",2
-227,"EDPM","TCEM",6
-226,"EDPM","TCEM",5
-225,"EDPM","TCEM",3
-224,"EDPM","TCEM",5
-223,"EDPM","TCEM",3
-222,"EDPM","TCEM",5
-221,"EDPM","TCEM",5
-220,"EDPM","TCEM",4
-219,"EDPM","TCEM",4
-218,"EDPM","TCEM",0
-217,"EDPM","TCEM",3
-216,"EDPM","TCEM",2
-215,"EDPM","TCEM",4
-214,"EDPM","TCEM",4
-213,"EDPM","TCEM",3
-212,"EDPM","TCEM",6
-211,"EDPM","TCEM",3
-210,"EDPM","TCEM",7
-209,"EDPM","TCEM",6
-208,"EDPM","TCEM",4
-207,"EDPM","TCEM",5
-206,"EDPM","TCEM",1
-205,"EDPM","TCEM",0
-204,"EDPM","TCEM",3
-203,"EDPM","TCEM",0
-202,"EDPM","TCEM",2
-201,"EDPM","TCEM",0
-200,"EDPM","TCEM",2
-199,"EDPM","TCEM",1
-198,"EDPM","TCEM",4
-197,"EDPM","TCEM",4
-196,"EDPM","TCEM",1
-195,"EDPM","TCEM",1
-194,"EDPM","TCEM",4
-193,"EDPM","TCEM",1
-192,"EDPM","TCEM",6
-191,"EDPM","TCEM",2
-190,"EDPM","TCEM",3
-189,"EDPM","TCEM",5
-188,"EDPM","TCEM",4
-187,"EDPM","TCEM",1
-186,"EDPM","TCEM",4
-185,"EDPM","TCEM",2
-184,"EDPM","TCEM",3
-183,"EDPM","TCEM",1
-182,"EDPM","TCEM",4
-181,"EDPM","TCEM",1
-180,"EDPM","TCEM",2
-179,"EDPM","TCEM",3
-178,"EDPM","TCEM",2
-177,"EDPM","TCEM",3
-176,"EDPM","TCEM",2
-175,"EDPM","TCEM",5
-174,"EDPM","TCEM",4
-173,"EDPM","TCEM",2
-172,"EDPM","TCEM",1
-171,"EDPM","TCEM",0
-170,"EDPM","TCEM",4
-169,"EDPM","TCEM",7
-168,"EDPM","TCEM",4
-167,"EDPM","TCEM",4
-166,"EDPM","TCEM",3
-165,"EDPM","TCEM",4
-164,"EDPM","TCEM",1
-163,"EDPM","TCEM",2
-162,"EDPM","TCEM",2
-161,"EDPM","TCEM",3
-160,"EDPM","TCEM",3
-159,"EDPM","TCEM",2
-158,"EDPM","TCEM",6
-157,"EDPM","TCEM",1
-156,"EDPM","TCEM",2
-155,"EDPM","TCEM",1
-154,"EDPM","TCEM",2
-153,"EDPM","TCEM",3
-152,"EDPM","TCEM",2
-151,"EDPM","TCEM",3
-150,"EDPM","TCEM",1
-149,"EDPM","TCEM",1
-148,"EDPM","TCEM",7
-147,"EDPM","TCEM",2
-146,"EDPM","TCEM",2
-145,"EDPM","TCEM",5
-144,"EDPM","TCEM",1
-143,"EDPM","TCEM",5
-142,"EDPM","TCEM",1
-141,"EDPM","TCEM",3
-140,"EDPM","TCEM",4
-139,"EDPM","TCEM",4
-138,"EDPM","TCEM",3
-137,"EDPM","TCEM",6
-136,"EDPM","TCEM",4
-135,"EDPM","TCEM",5
-134,"EDPM","TCEM",1
-133,"EDPM","TCEM",7
-132,"EDPM","TCEM",5
-131,"EDPM","TCEM",4
-130,"EDPM","TCEM",0
-129,"EDPM","TCEM",5
-128,"EDPM","TCEM",6
-127,"EDPM","TCEM",7
-126,"EDPM","TCEM",1
-125,"EDPM","TCEM",3
-124,"EDPM","TCEM",4
-123,"EDPM","TCEM",0
-122,"EDPM","TCEM",4
-121,"EDPM","TCEM",4
-120,"EDPM","TCEM",4
-119,"EDPM","TCEM",3
-118,"EDPM","TCEM",4
-117,"EDPM","TCEM",1
-116,"EDPM","TCEM",2
-115,"EDPM","TCEM",2
-114,"EDPM","TCEM",0
-113,"EDPM","TCEM",4
-112,"EDPM","TCEM",3
-111,"EDPM","TCEM",2
-110,"EDPM","TCEM",4
-109,"EDPM","TCEM",2
-108,"EDPM","TCEM",2
-107,"EDPM","TCEM",3
-106,"EDPM","TCEM",4
-105,"EDPM","TCEM",2
-104,"EDPM","TCEM",5
-103,"EDPM","TCEM",3
-102,"EDPM","TCEM",7
-101,"EDPM","TCEM",2
-100,"EDPM","TCEM",3
-99,"EDPM","TCEM",3
-98,"EDPM","TCEM",2
-97,"EDPM","TCEM",6
-96,"EDPM","TCEM",1
-95,"EDPM","TCEM",5
-94,"EDPM","TCEM",1
-93,"EDPM","TCEM",2
-92,"EDPM","TCEM",7
-91,"EDPM","TCEM",0
-90,"EDPM","TCEM",3
-89,"EDPM","TCEM",2
-88,"EDPM","TCEM",6
-87,"EDPM","TCEM",3
-86,"EDPM","TCEM",3
-85,"EDPM","TCEM",3
-84,"EDPM","TCEM",1
-83,"EDPM","TCEM",3
-82,"EDPM","TCEM",5
-81,"EDPM","TCEM",3
-80,"EDPM","TCEM",1
-79,"EDPM","TCEM",3
-78,"EDPM","TCEM",0
-77,"EDPM","TCEM",1
-76,"EDPM","TCEM",2
-75,"EDPM","TCEM",2
-74,"EDPM","TCEM",6
-73,"EDPM","TCEM",5
-72,"EDPM","TCEM",1
-71,"EDPM","TCEM",3
-70,"EDPM","TCEM",1
-69,"EDPM","TCEM",2
-68,"EDPM","TCEM",3
-67,"EDPM","TCEM",2
-66,"EDPM","TCEM",4
-65,"EDPM","TCEM",1
-64,"EDPM","TCEM",5
-63,"EDPM","TCEM",3
-62,"EDPM","TCEM",5
-61,"EDPM","TCEM",2
-60,"EDPM","TCEM",2
-59,"EDPM","TCEM",2
-58,"EDPM","TCEM",0
-57,"EDPM","TCEM",3
-56,"EDPM","TCEM",1
-55,"EDPM","TCEM",6
-54,"EDPM","TCEM",3
-53,"EDPM","TCEM",1
-52,"EDPM","TCEM",5
-51,"EDPM","TCEM",2
-50,"EDPM","TCEM",3
-49,"EDPM","TCEM",0
-48,"EDPM","TCEM",4
-47,"EDPM","TCEM",2
-46,"EDPM","TCEM",5
-45,"EDPM","TCEM",3
-44,"EDPM","TCEM",2
-43,"EDPM","TCEM",1
-42,"EDPM","TCEM",4
-41,"EDPM","TCEM",6
-40,"EDPM","TCEM",7
-39,"EDPM","TCEM",2
-38,"EDPM","TCEM",2
-37,"EDPM","TCEM",3
-36,"EDPM","TCEM",5
-35,"EDPM","TCEM",3
-34,"EDPM","TCEM",2
-33,"EDPM","TCEM",6
-32,"EDPM","TCEM",4
-31,"EDPM","TCEM",3
-30,"EDPM","TCEM",5
-29,"EDPM","TCEM",5
-28,"EDPM","TCEM",4
-27,"EDPM","TCEM",0
-26,"EDPM","TCEM",1
-25,"EDPM","TCEM",1
-24,"EDPM","TCEM",4
-23,"EDPM","TCEM",6
-22,"EDPM","TCEM",3
-21,"EDPM","TCEM",7
-20,"EDPM","TCEM",2
-19,"EDPM","TCEM",0
-18,"EDPM","TCEM",4
-17,"EDPM","TCEM",5
-16,"EDPM","TCEM",2
-15,"EDPM","TCEM",3
-14,"EDPM","TCEM",3
-13,"EDPM","TCEM",4
-12,"EDPM","TCEM",3
-11,"EDPM","TCEM",2
-10,"EDPM","TCEM",4
-9,"EDPM","TCEM",1
-8,"EDPM","TCEM",3
-7,"EDPM","TCEM",3
-6,"EDPM","TCEM",5
-5,"EDPM","TCEM",4
-4,"EDPM","TCEM",2
-3,"EDPM","TCEM",3
-2,"EDPM","TCEM",4
-1,"EDPM","TCEM",3
0,"EDPM","TCEM",2
1,"EDPM","TCEM",7
2,"EDPM","TCEM",2
3,"EDPM","TCEM",4
4,"EDPM","TCEM",4
5,"EDPM","TCEM",2
6,"EDPM","TCEM",4
7,"EDPM","TCEM",5
8,"EDPM","TCEM",2
9,"EDPM","TCEM",2
10,"EDPM","TCEM",7
11,"EDPM","TCEM",1
12,"EDPM","TCEM",5
13,"EDPM","TCEM",0
14,"EDPM","TCEM",1
15,"EDPM","TCEM",5
16,"EDPM","TCEM",3
17,"EDPM","TCEM",5
18,"EDPM","TCEM",3
19,"EDPM","TCEM",7
20,"EDPM","TCEM",5
21,"EDPM","TCEM",3
22,"EDPM","TCEM",2
23,"EDPM","TCEM",3
24,"EDPM","TCEM",4
25,"EDPM","TCEM",5
26,"EDPM","TCEM",5
27,"EDPM","TCEM",1
28,"EDPM","TCEM",6
29,"EDPM","TCEM",5
30,"EDPM","TCEM",3
31,"EDPM","TCEM",3
32,"EDPM","TCEM",2
33,"EDPM","TCEM",2
34,"EDPM","TCEM",2
35,"EDPM","TCEM",1
36,"EDPM","TCEM",5
37,"EDPM","TCEM",2
38,"EDPM","TCEM",1
39,"EDPM","TCEM",5
40,"EDPM","TCEM",7
41,"EDPM","TCEM",6
42,"EDPM","TCEM",4
43,"EDPM","TCEM",4
44,"EDPM","TCEM",2
45,"EDPM","TCEM",5
46,"EDPM","TCEM",0
47,"EDPM","TCEM",1
48,"EDPM","TCEM",2
49,"EDPM","TCEM",3
50,"EDPM","TCEM",4
51,"EDPM","TCEM",4
52,"EDPM","TCEM",1
53,"EDPM","TCEM",1
54,"EDPM","TCEM",4
55,"EDPM","TCEM",1
56,"EDPM","TCEM",7
57,"EDPM","TCEM",4
58,"EDPM","TCEM",1
59,"EDPM","TCEM",4
60,"EDPM","TCEM",5
61,"EDPM","TCEM",2
62,"EDPM","TCEM",3
63,"EDPM","TCEM",5
64,"EDPM","TCEM",2
65,"EDPM","TCEM",5
66,"EDPM","TCEM",4
67,"EDPM","TCEM",2
68,"EDPM","TCEM",4
69,"EDPM","TCEM",7
70,"EDPM","TCEM",4
71,"EDPM","TCEM",8
72,"EDPM","TCEM",6
73,"EDPM","TCEM",4
74,"EDPM","TCEM",3
75,"EDPM","TCEM",4
76,"EDPM","TCEM",6
77,"EDPM","TCEM",7
78,"EDPM","TCEM",2
79,"EDPM","TCEM",2
80,"EDPM","TCEM",2
81,"EDPM","TCEM",5
82,"EDPM","TCEM",4
83,"EDPM","TCEM",0
84,"EDPM","TCEM",5
85,"EDPM","TCEM",1
86,"EDPM","TCEM",3
87,"EDPM","TCEM",6
88,"EDPM","TCEM",4
89,"EDPM","TCEM",2
90,"EDPM","TCEM",3
91,"EDPM","TCEM",3
92,"EDPM","TCEM",8
93,"EDPM","TCEM",6
94,"EDPM","TCEM",3
95,"EDPM","TCEM",1
96,"EDPM","TCEM",5
97,"EDPM","TCEM",4
98,"EDPM","TCEM",3
99,"EDPM","TCEM",3
100,"EDPM","TCEM",1
101,"EDPM","TCEM",3
102,"EDPM","TCEM",1
103,"EDPM","TCEM",4
104,"EDPM","TCEM",4
105,"EDPM","TCEM",3
106,"EDPM","TCEM",2
107,"EDPM","TCEM",4
108,"EDPM","TCEM",3
109,"EDPM","TCEM",2
110,"EDPM","TCEM",5
111,"EDPM","TCEM",5
112,"EDPM","TCEM",1
113,"EDPM","TCEM",9
114,"EDPM","TCEM",3
115,"EDPM","TCEM",1
116,"EDPM","TCEM",6
117,"EDPM","TCEM",4
118,"EDPM","TCEM",4
119,"EDPM","TCEM",4
120,"EDPM","TCEM",4
121,"EDPM","TCEM",4
122,"EDPM","TCEM",6
123,"EDPM","TCEM",2
124,"EDPM","TCEM",4
125,"EDPM","TCEM",2
126,"EDPM","TCEM",4
127,"EDPM","TCEM",3
128,"EDPM","TCEM",3
129,"EDPM","TCEM",2
130,"EDPM","TCEM",3
131,"EDPM","TCEM",3
132,"EDPM","TCEM",5
133,"EDPM","TCEM",3
134,"EDPM","TCEM",2
135,"EDPM","TCEM",1
136,"EDPM","TCEM",4
137,"EDPM","TCEM",4
138,"EDPM","TCEM",4
139,"EDPM","TCEM",1
140,"EDPM","TCEM",4
141,"EDPM","TCEM",1
142,"EDPM","TCEM",7
143,"EDPM","TCEM",2
144,"EDPM","TCEM",2
145,"EDPM","TCEM",3
146,"EDPM","TCEM",1
147,"EDPM","TCEM",5
148,"EDPM","TCEM",3
149,"EDPM","TCEM",5
150,"EDPM","TCEM",5
151,"EDPM","TCEM",2
152,"EDPM","TCEM",1
153,"EDPM","TCEM",5
154,"EDPM","TCEM",8
155,"EDPM","TCEM",3
156,"EDPM","TCEM",3
157,"EDPM","TCEM",4
158,"EDPM","TCEM",5
159,"EDPM","TCEM",7
160,"EDPM","TCEM",7
161,"EDPM","TCEM",5
162,"EDPM","TCEM",4
163,"EDPM","TCEM",4
164,"EDPM","TCEM",4
165,"EDPM","TCEM",2
166,"EDPM","TCEM",4
167,"EDPM","TCEM",6
168,"EDPM","TCEM",5
169,"EDPM","TCEM",5
170,"EDPM","TCEM",4
171,"EDPM","TCEM",4
172,"EDPM","TCEM",3
173,"EDPM","TCEM",8
174,"EDPM","TCEM",4
175,"EDPM","TCEM",5
176,"EDPM","TCEM",5
177,"EDPM","TCEM",3
178,"EDPM","TCEM",2
179,"EDPM","TCEM",4
180,"EDPM","TCEM",3
181,"EDPM","TCEM",8
182,"EDPM","TCEM",6
183,"EDPM","TCEM",4
184,"EDPM","TCEM",5
185,"EDPM","TCEM",6
186,"EDPM","TCEM",8
187,"EDPM","TCEM",1
188,"EDPM","TCEM",3
189,"EDPM","TCEM",3
190,"EDPM","TCEM",4
191,"EDPM","TCEM",2
192,"EDPM","TCEM",5
193,"EDPM","TCEM",6
194,"EDPM","TCEM",3
195,"EDPM","TCEM",6
196,"EDPM","TCEM",4
197,"EDPM","TCEM",6
198,"EDPM","TCEM",8
199,"EDPM","TCEM",3
200,"EDPM","TCEM",1
201,"EDPM","TCEM",3
202,"EDPM","TCEM",2
203,"EDPM","TCEM",10
204,"EDPM","TCEM",3
205,"EDPM","TCEM",8
206,"EDPM","TCEM",9
207,"EDPM","TCEM",3
208,"EDPM","TCEM",2
209,"EDPM","TCEM",9
210,"EDPM","TCEM",6
211,"EDPM","TCEM",4
212,"EDPM","TCEM",6
213,"EDPM","TCEM",2
214,"EDPM","TCEM",2
215,"EDPM","TCEM",1
216,"EDPM","TCEM",7
217,"EDPM","TCEM",5
218,"EDPM","TCEM",2
219,"EDPM","TCEM",1
220,"EDPM","TCEM",5
221,"EDPM","TCEM",4
222,"EDPM","TCEM",2
223,"EDPM","TCEM",2
224,"EDPM","TCEM",6
225,"EDPM","TCEM",2
226,"EDPM","TCEM",4
227,"EDPM","TCEM",7
228,"EDPM","TCEM",3
229,"EDPM","TCEM",2
230,"EDPM","TCEM",3
231,"EDPM","TCEM",2
232,"EDPM","TCEM",7
233,"EDPM","TCEM",1
234,"EDPM","TCEM",8
235,"EDPM","TCEM",5
236,"EDPM","TCEM",9
237,"EDPM","TCEM",2
238,"EDPM","TCEM",7
239,"EDPM","TCEM",5
240,"EDPM","TCEM",3
241,"EDPM","TCEM",5
242,"EDPM","TCEM",2
243,"EDPM","TCEM",6
244,"EDPM","TCEM",5
245,"EDPM","TCEM",4
246,"EDPM","TCEM",3
247,"EDPM","TCEM",6
248,"EDPM","TCEM",3
249,"EDPM","TCEM",3
250,"EDPM","TCEM",5
251,"EDPM","TCEM",1
252,"EDPM","TCEM",5
253,"EDPM","TCEM",2
254,"EDPM","TCEM",3
255,"EDPM","TCEM",5
256,"EDPM","TCEM",5
257,"EDPM","TCEM",3
258,"EDPM","TCEM",5
259,"EDPM","TCEM",1
260,"EDPM","TCEM",6
261,"EDPM","TCEM",6
262,"EDPM","TCEM",4
263,"EDPM","TCEM",6
264,"EDPM","TCEM",4
265,"EDPM","TCEM",4
266,"EDPM","TCEM",6
267,"EDPM","TCEM",4
268,"EDPM","TCEM",3
269,"EDPM","TCEM",3
270,"EDPM","TCEM",1
271,"EDPM","TCEM",5
272,"EDPM","TCEM",2
273,"EDPM","TCEM",3
274,"EDPM","TCEM",0
275,"EDPM","TCEM",0
276,"EDPM","TCEM",2
277,"EDPM","TCEM",2
278,"EDPM","TCEM",2
279,"EDPM","TCEM",5
280,"EDPM","TCEM",8
281,"EDPM","TCEM",4
282,"EDPM","TCEM",5
283,"EDPM","TCEM",7
284,"EDPM","TCEM",3
285,"EDPM","TCEM",2
286,"EDPM","TCEM",3
287,"EDPM","TCEM",6
288,"EDPM","TCEM",4
289,"EDPM","TCEM",6
290,"EDPM","TCEM",0
291,"EDPM","TCEM",2
292,"EDPM","TCEM",1
293,"EDPM","TCEM",6
294,"EDPM","TCEM",8
295,"EDPM","TCEM",2
296,"EDPM","TCEM",2
297,"EDPM","TCEM",5
298,"EDPM","TCEM",2
299,"EDPM","TCEM",4
300,"EDPM","TCEM",5
301,"EDPM","TCEM",5
302,"EDPM","TCEM",5
303,"EDPM","TCEM",1
304,"EDPM","TCEM",1
305,"EDPM","TCEM",3
306,"EDPM","TCEM",4
307,"EDPM","TCEM",4
308,"EDPM","TCEM",5
309,"EDPM","TCEM",4
310,"EDPM","TCEM",6
311,"EDPM","TCEM",2
312,"EDPM","TCEM",4
313,"EDPM","TCEM",3
314,"EDPM","TCEM",5
315,"EDPM","TCEM",4
316,"EDPM","TCEM",7
317,"EDPM","TCEM",5
318,"EDPM","TCEM",5
319,"EDPM","TCEM",4
320,"EDPM","TCEM",2
321,"EDPM","TCEM",4
322,"EDPM","TCEM",1
323,"EDPM","TCEM",7
324,"EDPM","TCEM",3
325,"EDPM","TCEM",7
326,"EDPM","TCEM",4
327,"EDPM","TCEM",2
328,"EDPM","TCEM",9
329,"EDPM","TCEM",2
330,"EDPM","TCEM",6
331,"EDPM","TCEM",1
332,"EDPM","TCEM",5
333,"EDPM","TCEM",1
334,"EDPM","TCEM",4
335,"EDPM","TCEM",4
336,"EDPM","TCEM",2
337,"EDPM","TCEM",5
338,"EDPM","TCEM",3
339,"EDPM","TCEM",4
340,"EDPM","TCEM",0
341,"EDPM","TCEM",2
342,"EDPM","TCEM",1
343,"EDPM","TCEM",6
344,"EDPM","TCEM",2
345,"EDPM","TCEM",0
346,"EDPM","TCEM",1
347,"EDPM","TCEM",5
348,"EDPM","TCEM",4
349,"EDPM","TCEM",4
350,"EDPM","TCEM",5
351,"EDPM","TCEM",6
352,"EDPM","TCEM",2
353,"EDPM","TCEM",7
354,"EDPM","TCEM",7
355,"EDPM","TCEM",7
356,"EDPM","TCEM",4
357,"EDPM","TCEM",3
358,"EDPM","TCEM",6
359,"EDPM","TCEM",1
360,"EDPM","TCEM",4
361,"EDPM","TCEM",5
362,"EDPM","TCEM",3
363,"EDPM","TCEM",4
364,"EDPM","TCEM",4
